MId,Home Team,Home Team Goals,Away Team Goals,Away Team,Home Poss,Away Poss,Home ShotsT,Away ShotsT,Home Shots,Away Shots,Home Touches,Away Touches,Home Passes,Away Passes,Home Tackles,Away Tackles,Home Clearances,Away Clearances,Home Corners,Away Corners,Home Offsides,Away Offsides,HTP,HTR,HTAR,HTMR,HTDR,ATP,ATR,ATAR,ATMR,ATDR
9601,CAR,1,2,CHE,36.8,63.2,3,7,10,28,536,801,317,568,20,21,30,18,3,8,1,2,14,750.581,142.846,253.097,354.638,14,907.212,166.0,329.323,411.889
9602,FUL,2,2,CRY,66.1,33.9,5,6,15,15,717,463,496,249,21,21,33,34,6,4,1,1,14,856.464,182.616,272.848,401.0,14,776.56,144.288,274.272,358.0
9603,HUL,0,2,EVE,43,57,3,4,12,11,627,790,459,623,16,13,26,20,6,4,2,2,14,814.081,231.381,219.0,363.7,14,835.456,156.694,282.762,396.0
9604,LIV,2,1,NUFC,66.2,33.8,5,2,13,8,851,515,673,333,15,19,24,26,6,2,3,2,14,836.384,250.778,220.392,365.214,14,817.464,76.675,291.268,449.521
9605,MCFC,2,0,WHU,68.1,31.9,7,0,28,3,772,431,585,259,17,12,15,34,12,1,2,1,14,934.39,171.0,356.39,407.0,14,809.225,129.325,315.9,364.0
9606,NOR,0,2,ARS,37.7,62.3,5,8,11,14,575,859,405,680,13,18,20,23,4,4,3,1,14,819.836,93.648,356.188,370.0,14,859.148,230.624,242.524,386.0
9607,SOT,1,1,MUFC,58.5,41.5,6,2,15,9,687,569,517,369,14,18,16,35,6,2,0,6,14,832.936,151.039,296.034,385.863,14,882.119,251.335,227.784,403.0
9608,SUN,1,3,SWAN,53.3,46.7,4,4,20,8,598,548,401,344,16,23,25,32,6,3,0,0,14,804.175,87.614,361.257,355.304,14,782.32,263.227,163.175,355.918
9609,TOT,3,0,AVL,54.7,45.3,6,1,12,4,739,639,556,461,17,17,18,20,5,1,7,0,14,866.6,148.0,316.873,401.727,13,825.352,206.5,183.0,435.852
9610,WBA,1,2,STK,43,57,4,4,18,14,549,698,359,496,17,18,17,30,11,6,1,3,14,785.44,145.595,349.5,290.345,14,797.176,82.6,356.576,358.0
9599,MCFC,4,0,AVL,73.3,26.7,9,0,18,5,910,427,739,257,10,16,20,36,7,2,3,0,14,873.048,86.652,379.396,407.0,14,835.498,133.656,241.672,460.17
9600,SUN,2,0,WBA,48.3,51.7,4,3,10,13,617,647,435,467,15,11,19,16,5,0,0,1,14,820.844,72.644,387.2,361.0,14,755.083,216.798,269.241,269.044
9598,MUFC,3,1,HUL,55.3,44.7,7,2,18,2,799,657,637,511,12,20,22,13,8,0,0,1,14,799.375,66.959,437.79,294.626,14,802.592,246.092,240.0,316.5
9597,CRY,3,3,LIV,34.9,65.1,6,8,10,26,517,799,295,608,19,16,21,28,7,7,0,3,14,798.294,88.926,349.368,360.0,13,875.705,240.405,243.3,392.0
9596,CHE,0,0,NOR,71.3,28.7,4,3,23,6,878,440,650,259,11,22,27,46,5,2,4,1,14,917.191,121.0,351.191,445.0,12,810.0,55.991,313.009,441.0
9595,ARS,1,0,WBA,60.3,39.7,4,1,15,11,800,591,592,386,19,13,39,29,9,10,0,2,14,905.116,190.3,299.552,415.264,13,807.483,152.12,359.363,296.0
9589,EVE,2,3,MCFC,59.3,40.7,4,6,9,18,871,642,673,456,16,17,20,22,4,3,3,0,13,831.724,237.928,153.156,440.64,14,980.637,110.368,407.527,462.742
9588,AVL,3,1,HUL,44.2,55.8,9,2,15,8,554,673,358,449,12,12,29,45,8,5,0,3,14,757.807,91.423,212.51,453.874,14,753.264,221.334,199.596,332.334
9590,MUFC,0,1,SUN,63,37,2,1,17,8,769,533,575,339,14,15,21,33,8,0,2,3,14,874.383,188.523,279.86,406.0,14,800.306,72.556,366.75,361.0
9591,NUFC,3,0,CAR,53.8,46.2,6,3,22,16,641,566,409,351,22,16,37,29,10,6,0,2,14,798.774,150.0,285.206,363.568,14,769.359,178.689,239.838,350.832
9592,STK,4,1,FUL,63.3,36.7,8,2,23,10,816,522,599,336,15,17,22,17,3,5,2,0,14,792.543,58.35,370.193,364.0,14,773.694,132.023,225.811,415.86
9593,SWAN,0,1,SOT,38.1,61.9,3,4,12,17,557,776,352,580,17,12,30,19,3,5,2,1,14,822.644,286.7,160.656,375.288,14,814.815,118.293,318.522,378.0
9594,WHU,2,0,TOT,47.2,52.8,8,3,20,12,576,632,333,387,19,28,39,40,10,6,3,0,13,812.107,150.015,298.092,364.0,14,928.543,157.646,331.533,439.364
9587,ARS,3,0,NUFC,61.5,38.5,8,3,20,8,828,602,613,387,21,18,25,38,14,0,4,2,14,868.901,155.204,313.697,400.0,14,857.514,110.756,356.41,390.348
9584,CRY,0,2,MCFC,46.4,53.6,2,6,3,16,624,694,399,468,21,24,41,28,4,8,4,0,14,798.77,145.602,293.168,360.0,14,901.732,178.69,316.042,407.0
9585,LIV,0,2,CHE,73,27,8,4,26,11,850,471,624,226,23,20,22,54,14,2,1,0,13,902.124,305.604,211.52,385.0,14,910.064,101.946,387.478,420.64
9586,SUN,4,0,CAR,59.6,40.4,7,1,21,6,624,471,448,286,14,17,18,31,11,5,0,0,14,789.618,72.0,356.618,361.0,14,766.502,143.178,276.132,347.192
9579,MUFC,4,0,NOR,61.3,38.7,11,2,25,9,846,602,637,391,16,17,34,34,5,3,1,0,14,905.478,195.303,304.175,406.0,14,842.972,99.892,372.08,371.0
9578,FUL,2,2,HUL,46,54,3,4,10,8,581,650,379,458,17,19,31,36,7,2,0,1,14,831.175,149.0,232.175,450.0,14,775.701,234.727,218.089,322.885
9581,STK,0,1,TOT,50.5,49.5,3,4,17,16,614,629,407,398,22,25,25,28,4,3,4,2,13,801.365,97.353,312.828,391.184,14,853.999,148.0,323.912,382.087
9582,SWAN,4,1,AVL,47.6,52.4,8,3,11,11,591,610,372,415,8,11,35,25,9,6,5,1,14,824.988,304.998,148.35,371.64,14,792.69,161.104,278.642,352.944
9583,WBA,1,0,WHU,43.3,56.7,6,3,19,9,482,568,273,363,9,10,37,33,7,6,2,0,14,764.753,137.092,300.661,327.0,14,798.383,170.432,291.216,336.735
9580,SOT,2,0,EVE,53.1,46.9,4,2,14,9,745,669,515,436,28,20,31,26,4,7,1,5,14,839.208,203.852,257.356,378.0,14,889.444,242.444,234.0,413.0
9577,MCFC,3,1,WBA,69,31,6,3,19,10,883,496,684,295,21,26,17,19,8,2,3,3,14,868.992,145.568,313.566,409.858,14,829.116,159.966,318.15,351.0
9574,EVE,2,0,MUFC,38.7,61.3,5,2,17,9,590,794,370,598,23,17,39,32,6,5,2,4,14,850.022,214.906,272.188,362.928,14,856.878,200.72,291.596,364.562
9575,HUL,0,3,ARS,42.4,57.6,4,6,13,12,652,849,434,618,22,19,29,48,7,0,5,2,14,774.914,199.374,296.54,279.0,14,881.815,136.028,345.787,400.0
9576,NOR,2,3,LIV,42.5,57.5,5,6,13,14,594,798,365,539,23,36,9,52,8,3,0,1,13,813.606,74.601,368.005,371.0,13,876.264,236.364,239.8,400.1
9570,CHE,1,2,SUN,61.8,38.2,15,3,31,7,709,507,472,289,17,16,31,46,10,4,1,1,14,867.025,151.344,315.681,400.0,14,816.69,72.534,365.267,378.889
9568,AVL,0,0,SOT,31.6,68.4,1,2,6,3,456,793,263,614,18,17,21,27,5,3,5,3,13,799.09,149.304,282.786,367.0,14,812.562,155.682,278.88,378.0
9569,CAR,1,1,STK,43.3,56.7,4,5,13,15,599,714,388,516,14,19,25,25,12,7,3,0,14,784.533,197.657,217.4,369.476,14,777.939,146.8,298.044,333.095
9571,NUFC,1,2,SWAN,47.2,52.8,4,2,14,10,664,709,440,478,24,17,32,42,2,8,1,5,14,834.24,199.96,291.8,342.48,13,844.8,307.3,150.0,387.5
9573,WHU,0,1,CRY,65.3,34.7,4,3,13,11,676,471,428,220,16,22,35,74,3,11,1,1,14,839.971,163.784,307.187,369.0,14,799.817,71.911,355.624,372.282
9572,TOT,3,1,FUL,62.2,37.8,5,4,14,11,810,566,583,352,23,25,32,36,4,5,2,4,14,835.616,149.708,313.908,372.0,13,821.254,73.0,369.732,378.522
9566,EVE,2,3,CRY,69.1,30.9,5,4,17,7,813,474,576,251,21,33,17,38,13,3,0,3,14,843.08,220.8,237.28,385.0,14,783.34,135.324,297.437,350.579
9567,MCFC,2,2,SUN,56.8,43.2,4,3,16,11,762,613,546,404,31,20,25,14,3,6,0,1,14,905.045,158.043,340.002,407.0,13,799.072,89.242,348.83,361.0
9565,ARS,3,1,WHU,61.4,38.6,8,2,14,12,806,562,580,355,14,20,31,35,4,3,2,2,13,890.552,143.8,329.552,417.2,14,825.22,81.417,374.803,369.0
9564,SWAN,0,1,CHE,38.2,61.8,4,3,7,26,543,786,348,583,19,9,30,22,5,12,1,3,14,935.541,286.441,206.714,442.386,14,829.63,90.492,331.138,408.0
9563,LIV,3,2,MCFC,46.6,53.4,4,5,10,13,652,680,412,465,20,24,45,18,7,7,5,1,14,923.892,308.948,222.944,392.0,14,849.31,84.22,356.09,409.0
9557,CRY,1,0,AVL,42.9,57.1,4,4,14,7,583,667,331,457,22,25,31,36,2,4,3,0,14,754.613,84.358,298.732,371.523,13,812.644,151.497,219.733,441.414
9558,FUL,1,0,NOR,45.1,54.9,3,4,14,14,589,677,365,442,27,17,35,24,8,8,0,3,14,827.26,179.035,198.225,450.0,14,831.837,97.974,362.863,371.0
9559,SOT,0,1,CAR,67.5,32.5,7,4,19,6,886,518,687,325,13,22,11,40,5,5,0,2,14,828.561,228.728,236.739,363.094,14,831.294,214.0,236.652,380.642
9560,STK,1,0,NUFC,48.9,51.1,3,1,10,13,664,698,441,472,17,19,40,25,4,5,2,1,13,828.813,130.975,324.838,373.0,14,805.34,143.508,299.454,362.378
9561,SUN,0,1,EVE,46.6,53.4,6,3,24,20,554,601,336,385,14,14,26,29,6,6,3,0,12,799.444,72.0,367.444,360.0,13,867.016,248.304,233.712,385.0
9562,WBA,3,3,TOT,32.4,67.6,5,8,6,20,450,714,232,509,21,18,37,25,2,2,3,3,14,795.48,121.388,314.6,359.492,14,828.867,148.0,330.443,350.424
9556,TOT,5,1,SUN,60.9,39.1,11,4,29,8,701,523,500,319,18,17,12,25,8,2,2,4,14,843.582,148.0,310.328,385.254,13,800.4,14.8,370.0,415.6
9555,WHU,1,2,LIV,36.2,63.8,1,8,11,17,540,821,322,619,22,16,35,47,4,4,0,0,14,836.98,151.268,316.712,369.0,13,848.756,286.852,165.48,396.424
9554,EVE,3,0,ARS,42.8,57.2,7,5,14,15,640,792,431,578,15,16,23,33,3,6,2,3,14,798.516,159.28,254.236,385.0,14,866.787,157.679,312.108,397.0
9549,CHE,3,0,STK,51.2,48.8,8,2,18,4,719,662,491,459,27,31,23,31,7,3,1,1,14,890.847,82.0,364.217,444.63,14,755.62,65.892,343.019,346.709
9547,AVL,1,2,FUL,50.1,49.9,6,8,12,16,612,609,410,410,12,15,35,34,2,7,0,1,13,778.042,145.671,143.726,488.645,14,850.072,182.0,187.0,481.072
9548,CAR,0,3,CRY,63.1,36.9,3,8,13,13,722,531,506,303,12,21,24,59,10,3,0,0,14,771.362,206.291,208.071,357.0,14,781.022,84.196,328.408,368.418
9550,HUL,1,0,SWAN,43.1,56.9,4,2,8,12,570,703,341,469,14,21,36,46,7,2,2,0,14,753.165,202.69,209.0,341.475,14,796.794,262.872,149.922,384.0
9552,NUFC,0,4,MUFC,43.6,56.4,4,4,14,8,569,722,378,501,18,13,25,36,4,5,0,2,13,837.684,149.39,320.294,368.0,14,955.32,169.0,439.04,347.28
9553,NOR,0,1,WBA,68.8,31.2,4,5,12,8,722,446,528,234,13,26,8,45,7,3,1,2,14,823.671,200.659,255.412,367.6,14,820.074,148.734,302.891,368.449
9551,MCFC,4,1,SOT,43.6,56.4,8,1,15,5,608,740,425,545,19,10,31,29,5,9,1,1,14,903.508,106.074,390.434,407.0,14,894.557,199.082,334.475,361.0
9546,SUN,1,2,WHU,60.6,39.4,7,6,26,11,671,509,443,280,25,13,24,48,8,3,1,1,14,761.033,81.028,271.98,408.025,14,774.876,146.975,289.119,338.782
9545,LIV,4,0,TOT,58.6,41.4,5,4,11,15,714,544,527,364,24,11,21,23,5,7,2,1,14,855.099,302.429,160.67,392.0,14,818.536,82.0,380.335,356.201
9544,FUL,1,3,EVE,38.2,61.8,8,7,23,14,538,758,296,499,35,9,40,28,5,6,8,1,14,782.539,219.2,135.725,427.614,14,900.012,213.456,301.556,385.0
9537,ARS,1,1,MCFC,47.8,52.2,3,4,9,15,723,743,491,547,12,21,38,27,6,6,2,0,13,873.358,159.384,314.974,399.0,14,890.517,83.0,398.517,409.0
9538,CRY,1,0,CHE,33,67,4,2,14,21,481,712,221,471,21,18,61,33,2,13,1,3,14,776.986,71.978,343.49,361.518,14,865.502,118.408,298.094,449.0
9540,SOT,4,0,NUFC,52.5,47.5,11,2,23,5,674,631,487,443,25,14,12,17,7,5,2,0,14,821.901,159.992,288.909,373.0,14,845.025,113.5,331.525,400.0
9541,STK,1,0,HUL,55.9,44.1,3,3,15,5,722,626,522,407,24,15,23,40,8,1,3,1,14,806.867,150.901,282.966,373.0,14,781.602,230.296,219.443,331.863
9542,SWAN,3,0,NOR,58.7,41.3,7,4,16,8,739,553,539,372,15,19,22,24,7,4,1,2,14,822.038,286.41,151.628,384.0,14,768.161,183.067,214.094,371.0
9543,WBA,3,3,CAR,41.7,58.3,6,5,16,11,541,669,314,457,21,16,30,26,4,1,2,2,14,795.532,158.911,288.621,348.0,14,815.628,143.0,286.828,385.8
9539,MUFC,4,1,AVL,55.9,44.1,6,1,9,10,676,561,476,372,18,24,34,18,0,5,2,2,14,852.452,173.165,320.787,358.5,13,806.774,211.597,216.335,378.842
9535,LIV,2,1,SUN,61,39,7,4,21,12,824,536,587,349,17,28,32,17,3,4,2,2,12,882.424,252.424,238.0,392.0,14,825.402,122.816,271.046,431.54
9536,WHU,2,1,HUL,43.6,56.4,3,3,10,9,569,682,367,478,18,20,33,26,4,5,2,3,13,758.409,152.0,293.466,312.943,14,737.574,221.733,218.0,297.841
9532,ARS,2,2,SWAN,60.5,39.5,4,2,13,8,903,665,689,454,16,21,23,61,7,0,0,3,14,843.032,149.997,294.035,399.0,14,865.264,301.072,172.2,391.992
9533,MUFC,0,3,MCFC,52.7,47.3,4,4,10,13,756,705,545,491,16,15,33,24,5,8,1,3,14,849.544,252.576,198.968,398.0,14,898.194,83.0,406.194,409.0
9534,NUFC,0,3,EVE,54.7,45.3,2,6,16,8,709,630,492,403,23,27,23,36,9,8,2,0,14,866.64,175.208,330.124,361.308,12,850.822,232.822,233.0,385.0
9530,AVL,1,4,STK,50.4,49.6,3,5,12,10,668,673,464,479,20,14,15,36,5,3,2,4,14,840.904,226.367,247.537,367.0,12,807.335,76.0,359.0,372.335
9531,TOT,3,2,SOT,51.1,48.9,6,4,15,12,666,682,420,414,20,28,33,60,7,3,1,8,13,872.2,82.0,400.2,390.0,14,773.913,156.54,275.614,341.759
9529,WHU,0,2,MUFC,44.8,55.2,1,7,10,16,587,705,365,484,16,16,27,53,12,7,0,2,14,806.308,151.4,291.908,363.0,13,879.941,172.941,395.0,312.0
9522,CAR,3,6,LIV,33.4,66.6,3,9,9,19,497,849,301,650,21,22,15,28,4,6,0,1,14,787.05,210.468,163.096,413.486,14,852.58,234.105,238.0,380.475
9524,EVE,3,2,SWAN,40.7,59.3,6,7,9,21,622,815,400,594,23,19,39,14,5,12,0,1,14,850.97,153.502,312.468,385.0,14,835.937,191.078,260.859,384.0
9525,HUL,2,0,WBA,43.2,56.8,5,4,12,16,520,615,300,392,23,14,36,14,4,5,3,1,14,771.517,263.961,222.556,285.0,14,782.428,209.102,234.232,339.094
9526,MCFC,5,0,FUL,67.6,32.4,12,0,22,6,810,462,619,299,17,16,21,24,13,2,0,2,14,882.45,90.387,392.063,400.0,14,829.909,140.703,193.992,495.214
9527,NUFC,1,0,CRY,72.7,27.3,8,1,21,8,942,482,712,251,17,31,25,32,9,5,1,5,14,864.374,174.392,315.982,374.0,14,785.104,71.844,353.26,360.0
9528,NOR,2,0,SUN,54.1,45.9,8,2,15,9,628,561,436,368,12,18,23,24,8,5,0,0,14,806.867,204.049,227.818,375.0,14,826.009,115.144,350.865,360.0
9523,CHE,6,0,ARS,52.9,47.1,11,5,21,11,712,668,517,457,15,19,24,23,7,1,6,2,14,1005.78,144.496,387.684,473.6,14,859.059,160.0,263.059,436.0
9521,TOT,0,1,ARS,59,41,2,3,18,7,674,589,471,330,13,21,14,64,5,2,3,4,14,866.647,100.008,376.639,390.0,14,859.775,141.127,307.968,410.68
9520,MUFC,0,3,LIV,XX-XX-,XX-XX,XX-XX-,-XX-XX,XX-XX-,XX-XX,XX-XX-,XX-XX,XX-XX-,XX-XX,XX-XX-,XX-XX,XX-XX-,XX-XX,XX-XX-,XX-XX,XX-XX-,XX-XX,14,841.774,272.297,220.676,348.801,14,-566.1,247.281,-486.499,-326.882
9512,AVL,1,0,CHE,38.6,61.4,4,2,13,15,522,721,300,497,26,8,42,23,4,5,3,7,13,808.212,214.809,231.857,361.546,13,905.464,143.984,353.48,408.0
9513,EVE,2,1,CAR,67.7,32.3,6,3,19,10,793,482,540,250,24,25,19,34,10,5,1,3,14,870.939,179.636,306.303,385.0,14,812.354,187.943,203.779,420.632
9514,FUL,1,0,NUFC,38.9,61.1,3,3,12,12,516,694,277,440,23,22,39,30,9,7,6,1,14,848.46,182.552,245.828,420.08,14,809.184,140.684,294.5,374.0
9516,SOT,4,2,NOR,63.1,36.9,6,3,17,6,786,508,567,325,17,25,25,20,6,1,3,1,14,782.277,103.54,300.737,378.0,14,810.363,94.46,347.903,368.0
9517,STK,3,1,WHU,54.7,45.3,9,2,16,8,606,520,375,305,24,14,42,30,6,4,1,3,12,808.78,151.0,289.0,368.78,14,791.663,151.61,270.203,369.85
9518,SUN,0,0,CRY,64.5,35.5,2,5,19,12,624,473,437,244,18,11,12,51,6,2,3,0,14,847.81,112.0,375.81,360.0,14,811.584,71.3,380.284,360.0
9519,SWAN,1,2,WBA,62,38,4,4,14,13,880,600,655,400,17,20,22,30,4,1,4,0,14,870.013,225.1,263.913,381.0,14,775.878,139.617,211.612,424.649
9515,HUL,0,2,MCFC,54.3,45.7,5,3,15,8,749,631,530,456,10,14,33,31,3,4,6,0,14,805.615,272.196,218.356,315.063,14,907.454,83.0,399.754,424.7
9508,CHE,4,0,TOT,53.6,46.4,4,2,12,6,658,597,471,395,25,21,20,21,5,4,6,2,14,864.38,94.792,361.588,408.0,13,862.062,80.0,304.254,477.808
9507,CAR,3,1,FUL,46.4,53.6,9,6,19,14,625,675,391,458,13,23,43,38,7,6,0,2,14,788.0,272.6,154.2,361.2,14,774.168,219.872,138.296,416.0
9509,CRY,0,1,SOT,35.7,64.3,1,3,6,11,510,751,255,496,24,27,35,66,8,3,7,1,14,760.774,76.616,326.158,358.0,14,810.07,152.662,279.408,378.0
9510,NOR,1,1,STK,52.5,47.5,5,3,13,6,599,563,403,368,14,20,24,42,3,1,0,1,14,839.884,157.696,307.188,375.0,14,812.866,102.344,337.522,373.0
9511,WBA,0,3,MUFC,45,55,3,5,14,14,602,701,366,461,19,26,31,44,3,5,2,1,14,776.503,110.448,333.365,332.69,14,923.571,259.7,245.912,417.959
9504,AVL,4,1,NOR,55.1,44.9,4,4,10,7,700,605,489,399,25,19,21,36,6,2,1,2,13,813.791,219.691,227.1,367.0,14,862.775,186.5,301.275,375.0
9505,SWAN,1,1,CRY,68.7,31.3,5,3,7,6,928,528,718,316,25,22,22,23,1,4,3,0,14,807.35,171.588,247.1,388.662,14,830.198,118.792,367.724,343.682
9506,TOT,1,0,CAR,60.4,39.6,6,2,15,8,768,546,541,345,19,19,38,32,4,7,2,5,14,824.495,160.908,282.587,381.0,14,793.992,186.2,194.4,413.392
9502,SOT,0,3,LIV,57.3,42.7,2,5,13,12,787,630,538,399,33,26,35,33,3,6,2,1,14,803.54,164.984,265.556,373.0,13,857.305,227.305,238.0,392.0
9499,EVE,1,0,WHU,68.9,31.1,3,1,22,7,706,404,474,193,16,17,31,48,11,5,1,1,14,817.452,141.228,291.224,385.0,14,881.672,150.39,325.202,406.08
9500,FUL,1,3,CHE,41.9,58.1,3,8,7,17,537,712,335,489,13,15,28,42,5,4,1,4,14,797.974,148.555,313.498,335.921,14,904.339,154.65,334.391,415.298
9501,HUL,1,4,NUFC,48.4,51.6,3,7,13,17,573,636,372,411,21,12,14,54,6,3,1,3,14,813.648,266.473,194.986,352.189,12,831.792,155.0,302.792,374.0
9503,STK,1,0,ARS,43.4,56.6,4,2,8,10,634,791,417,553,19,13,29,49,3,4,5,0,13,822.881,90.175,359.706,373.0,14,904.034,186.967,315.067,402.0
9498,NOR,1,0,TOT,40.9,59.1,3,2,13,9,577,719,362,526,26,22,37,16,5,3,3,1,13,831.388,87.6,368.788,375.0,14,813.927,102.796,327.628,383.503
9496,LIV,4,3,SWAN,53.4,46.6,10,4,21,14,736,666,524,445,25,21,19,20,3,5,2,0,14,904.686,293.75,215.112,395.824,14,889.794,253.136,252.658,384.0
9497,NUFC,1,0,AVL,54.7,45.3,5,2,23,10,672,564,414,349,22,20,30,34,10,1,5,3,13,849.342,155.8,315.542,378.0,13,822.098,227.0,218.712,376.386
9492,CRY,0,2,MUFC,33.5,66.5,6,5,15,14,518,883,321,666,16,14,20,44,6,4,2,3,14,815.799,151.607,305.192,359.0,14,903.789,253.121,240.453,410.215
9489,ARS,4,1,SUN,64.8,35.2,9,3,12,7,848,530,691,371,13,15,16,19,7,3,0,4,14,850.279,144.691,351.161,354.427,14,820.514,74.0,388.514,358.0
9490,CAR,0,4,HUL,56.2,43.8,5,6,23,11,688,567,444,368,11,26,19,45,9,2,2,3,14,756.838,144.878,253.296,358.664,14,780.199,210.3,216.116,353.783
9493,MCFC,1,0,STK,74.1,25.9,7,2,19,7,878,422,697,231,20,16,21,36,8,3,0,3,14,948.636,166.0,375.636,407.0,14,798.065,82.675,342.39,373.0
9494,WBA,1,1,FUL,63.4,36.6,5,3,16,7,722,529,495,287,18,29,16,64,8,2,1,3,14,820.541,164.811,335.5,320.23,14,828.29,152.61,225.0,450.68
9495,WHU,3,1,SOT,31.5,68.5,5,5,10,26,454,799,234,561,19,12,30,43,5,11,1,1,13,791.905,132.825,281.905,377.175,14,807.746,163.512,279.234,365.0
9491,CHE,1,0,EVE,46.6,53.4,8,2,25,8,658,702,403,455,23,29,34,40,8,8,2,2,14,875.7,124.0,343.7,408.0,14,858.37,100.551,361.819,396.0
9486,FUL,2,3,LIV,31.1,68.9,3,7,10,21,471,882,276,655,15,20,31,59,7,5,0,0,13,810.969,152.0,230.192,428.777,13,884.34,330.131,161.0,393.209
9485,ARS,0,0,MUFC,57.4,42.6,5,2,17,6,816,637,563,410,23,27,39,40,5,5,1,2,12,894.466,232.582,259.884,402.0,14,859.321,248.471,241.319,369.531
9487,NUFC,0,4,TOT,49.3,50.7,5,8,13,15,651,680,439,460,19,21,13,38,8,6,3,0,14,817.952,150.4,301.352,366.2,14,877.132,98.338,384.794,394.0
9488,STK,1,1,SWAN,35.7,64.3,4,2,7,14,538,826,307,553,30,25,27,39,2,5,0,1,14,791.704,93.812,324.892,373.0,14,860.295,169.523,294.414,396.358
9483,WBA,1,1,CHE,40.1,59.9,1,4,13,15,538,712,316,489,24,17,25,38,5,8,1,1,14,770.242,149.576,272.666,348.0,14,931.209,155.752,368.457,407.0
9481,CAR,0,0,AVL,45.4,54.6,3,6,12,18,591,643,325,393,16,24,49,35,7,9,4,3,13,809.964,170.276,285.688,354.0,12,804.776,170.206,217.0,417.57
9482,HUL,0,1,SOT,37.5,62.5,4,7,12,16,600,850,356,606,25,27,19,34,2,2,3,3,14,745.259,233.857,230.191,281.211,14,840.422,142.318,333.104,365.0
9484,WHU,2,0,NOR,48.2,51.8,7,6,12,13,566,612,332,365,21,21,61,65,5,5,2,0,14,847.236,148.5,335.736,363.0,14,833.708,85.92,372.788,375.0
9479,MUFC,2,2,FUL,75.4,24.6,9,3,31,6,904,435,650,216,10,17,24,89,10,1,5,0,14,893.315,282.106,228.15,383.059,14,851.605,184.0,226.605,441.0
9480,TOT,1,0,EVE,45.8,54.2,2,3,8,10,595,668,354,427,25,37,18,30,9,7,0,4,14,874.76,80.0,380.152,414.608,14,857.0,89.742,371.258,396.0
9478,SWAN,3,0,CAR,62,38,6,1,17,7,805,557,580,359,28,18,37,20,5,1,1,2,14,893.664,212.792,260.872,420.0,14,816.398,170.46,282.632,363.306
9471,AVL,0,2,WHU,67.8,32.2,1,2,16,10,721,461,523,231,8,11,22,69,8,10,2,4,14,796.341,226.789,160.981,408.571,14,850.672,130.2,319.972,400.5
9472,CHE,3,0,NUFC,59,41,8,6,18,12,735,570,511,352,33,20,28,26,6,5,2,0,14,921.738,165.578,349.16,407.0,14,763.471,79.891,273.968,409.612
9473,CRY,3,1,WBA,34,66,6,7,10,17,494,740,254,497,18,29,36,24,4,7,1,1,14,779.976,74.688,409.906,295.382,14,818.542,142.0,358.042,318.5
9475,NOR,0,0,MCFC,32.4,67.6,2,2,7,15,477,828,286,619,14,15,47,31,4,14,2,1,13,836.592,74.268,370.0,392.324,13,895.506,139.274,336.0,420.232
9476,SOT,2,2,STK,60.4,39.6,5,4,18,5,744,539,503,316,23,21,39,33,7,4,0,4,12,826.445,155.0,302.0,369.445,13,809.46,84.906,355.554,369.0
9477,SUN,0,2,HUL,43.8,56.2,3,9,7,25,590,713,408,532,10,12,21,17,2,6,1,3,14,899.633,136.424,339.918,423.291,14,775.295,230.219,227.576,317.5
9474,LIV,5,1,ARS,42.7,57.3,12,6,22,11,608,755,373,497,35,16,37,38,6,6,4,0,14,850.095,309.267,154.828,386.0,14,889.795,138.652,349.641,401.502
9470,MCFC,0,1,CHE,65.3,34.7,3,6,24,18,730,511,480,255,33,15,29,56,12,6,0,4,12,906.0,166.0,256.0,484.0,14,917.558,88.396,339.162,490.0
9468,ARS,2,0,CRY,73,27,6,2,11,10,1012,485,785,273,22,31,33,19,6,5,0,3,14,874.156,165.33,303.6,405.226,13,768.569,119.339,292.23,357.0
9469,WBA,1,1,LIV,49.7,50.3,4,3,12,12,667,696,429,435,22,20,26,37,3,4,0,2,14,760.069,120.481,313.388,326.2,13,879.0,317.582,174.706,386.712
9461,CAR,2,1,NOR,49.2,50.8,4,6,13,27,640,641,383,383,23,18,52,39,7,14,2,2,14,772.878,125.824,286.646,360.408,14,815.334,147.833,296.501,371.0
9462,EVE,2,1,AVL,71,29,6,1,13,4,790,403,575,239,14,18,30,31,13,1,9,3,14,809.132,40.975,392.066,376.091,14,845.691,200.407,213.942,431.342
9463,FUL,0,3,SOT,39.1,60.9,4,5,8,17,584,778,351,546,21,20,44,34,4,5,5,2,14,839.264,190.086,281.178,368.0,14,764.957,157.046,265.033,342.878
9464,HUL,1,1,TOT,38.4,61.6,4,3,9,19,507,704,297,485,16,14,29,33,4,10,4,5,14,759.254,207.534,200.72,351.0,12,869.748,162.748,312.0,395.0
9466,STK,2,1,MUFC,37.7,62.3,4,4,13,19,516,698,266,442,18,24,48,42,7,10,3,3,14,784.878,81.85,330.028,373.0,14,803.822,272.443,233.0,298.379
9465,NUFC,0,3,SUN,51,49,10,5,28,16,541,542,316,316,23,16,18,28,7,3,2,0,14,798.422,96.344,327.65,374.428,13,789.726,74.0,355.726,360.0
9467,WHU,2,0,SWAN,35,65,4,0,11,20,504,748,268,504,25,15,58,38,8,11,0,2,14,787.263,151.901,269.887,365.475,14,824.112,262.968,138.344,422.8
9457,AVL,4,3,WBA,43.7,56.3,6,4,10,12,549,691,358,476,23,22,14,26,3,3,8,7,14,800.202,153.889,216.004,430.309,14,752.715,79.548,310.325,362.842
9458,CHE,0,0,WHU,72.4,27.6,9,1,39,1,781,407,555,191,14,16,22,52,13,3,2,1,14,875.027,165.556,325.171,384.3,14,793.178,142.23,287.948,363.0
9459,SUN,1,0,STK,48.1,51.9,6,5,16,15,621,618,402,429,23,26,32,11,2,3,1,0,14,797.067,74.512,381.403,341.152,14,833.954,75.166,385.788,373.0
9460,TOT,1,5,MCFC,34.2,65.8,2,10,4,24,526,869,329,655,23,34,18,14,3,5,2,2,14,886.662,119.0,342.662,425.0,14,958.489,168.5,303.489,486.5
9451,CRY,1,0,HUL,37.5,62.5,3,4,13,13,512,715,290,493,18,17,46,43,8,3,1,2,14,768.66,146.472,200.14,422.048,14,761.999,221.665,201.786,338.548
9452,LIV,4,0,EVE,39.1,60.9,9,4,20,19,567,752,339,519,25,22,44,18,5,8,1,0,14,883.488,319.918,176.0,387.57,14,916.566,141.378,389.188,386.0
9453,MUFC,2,0,CAR,46.2,53.8,5,1,17,7,647,710,463,532,23,10,36,21,5,5,4,2,14,899.913,170.528,204.1,525.285,14,819.739,143.0,312.12,364.619
9454,NOR,0,0,NUFC,46.2,53.8,2,3,9,21,538,621,315,372,15,16,33,26,7,7,2,3,14,794.187,131.674,291.513,371.0,13,847.776,91.69,359.563,396.523
9455,SOT,2,2,ARS,52.6,47.4,5,4,13,7,745,725,522,480,29,18,30,35,7,5,2,2,13,825.316,127.236,333.08,365.0,14,862.327,166.0,295.469,400.858
9456,SWAN,2,0,FUL,61.9,38.1,6,4,14,15,831,592,630,385,18,12,22,42,5,8,0,2,14,823.606,278.55,159.028,386.028,14,775.974,10.764,337.28,427.93
9450,WBA,1,1,EVE,50.1,49.9,6,4,14,13,698,678,429,442,23,16,54,39,4,2,2,2,14,824.839,106.0,312.191,406.648,14,842.786,80.825,314.022,447.939
9448,CHE,3,1,MUFC,43.9,56.1,6,4,13,10,581,663,356,435,22,27,51,32,5,4,2,2,14,903.372,145.504,267.868,490.0,13,869.222,108.996,283.138,477.088
9449,SWAN,1,3,TOT,56.2,43.8,3,5,13,11,857,720,648,504,22,30,18,22,8,2,2,2,12,826.567,193.958,181.609,451.0,13,853.026,80.0,365.594,407.432
9443,LIV,2,2,AVL,55.8,44.2,6,3,14,12,693,524,451,335,16,20,54,28,2,3,3,1,13,925.0,291.5,239.5,394.0,14,848.514,226.544,227.994,393.976
9441,ARS,2,0,FUL,58.7,41.3,8,2,22,8,900,662,684,478,18,16,26,28,4,4,1,1,13,869.222,162.172,307.05,400.0,13,820.644,35.868,351.776,433.0
9442,CRY,1,0,STK,43.7,56.3,6,2,12,17,582,689,344,454,20,23,45,38,4,3,2,2,14,774.408,74.472,269.944,429.992,14,828.416,128.688,336.728,363.0
9444,MCFC,4,2,CAR,62.2,37.8,9,6,24,7,788,542,589,340,16,17,24,34,10,7,3,3,14,942.271,167.555,342.836,431.88,14,798.328,143.0,296.792,358.536
9445,NOR,1,0,HUL,56.2,43.8,4,0,25,10,655,547,421,325,11,22,29,39,10,8,1,1,13,805.069,146.778,287.291,371.0,14,765.378,284.08,168.408,312.89
9447,WHU,1,3,NUFC,48.3,51.7,3,8,12,19,590,685,362,413,23,20,36,72,4,3,4,3,14,848.433,185.5,369.433,293.5,14,815.186,78.67,287.532,448.984
9446,SUN,2,2,SOT,36.5,63.5,5,8,10,17,528,797,307,553,23,16,22,48,4,7,5,1,14,787.586,74.4,353.186,360.0,14,853.716,154.822,314.994,383.9
9440,AVL,1,2,ARS,36,64,5,4,11,8,552,898,364,676,22,25,21,54,3,5,4,5,13,776.828,167.797,206.014,403.017,14,899.619,184.873,316.864,397.882
9439,STK,3,5,LIV,51,49,4,9,13,13,658,651,412,433,13,23,25,48,11,2,1,0,12,800.6,83.5,354.1,363.0,12,884.534,249.534,241.0,394.0
9438,NUFC,0,2,MCFC,54.4,45.6,5,6,13,14,664,587,439,373,16,23,29,53,5,6,3,4,14,850.811,94.364,296.17,460.277,14,941.158,130.974,403.184,407.0
9435,MUFC,2,0,SWAN,38.6,61.4,5,2,16,13,632,867,418,677,9,25,24,22,3,5,1,0,13,862.628,78.176,390.0,394.452,13,862.381,261.381,164.553,436.447
9431,CAR,0,2,WHU,63,37,7,3,19,10,705,484,484,278,7,14,41,55,8,7,1,1,14,782.019,143.0,274.848,364.171,14,767.272,148.0,310.4,308.872
9432,EVE,2,0,NOR,62.4,37.6,5,2,23,11,765,516,522,312,20,14,24,36,10,5,2,2,13,862.595,97.475,359.412,405.708,13,794.873,145.416,226.948,422.509
9433,FUL,1,4,SUN,58.9,41.1,5,6,17,10,664,500,463,321,17,18,24,24,10,6,3,0,14,777.834,79.934,335.9,362.0,14,803.714,68.066,364.459,371.189
9436,SOT,1,0,WBA,61.6,38.4,5,2,18,4,792,564,579,348,16,22,36,32,4,4,3,8,14,808.78,150.565,280.215,378.0,14,799.72,95.16,306.212,398.348
9437,TOT,2,0,CRY,68.4,31.6,4,2,10,14,857,497,642,281,18,20,34,33,5,11,1,1,14,845.081,132.808,313.308,398.965,14,800.504,146.534,210.893,443.077
9434,HUL,0,2,CHE,44.4,55.6,2,5,10,14,586,710,381,483,20,14,32,42,1,7,2,0,14,773.844,155.076,268.848,349.92,14,926.718,155.752,278.966,492.0
9425,MUFC,1,2,TOT,61.1,38.9,6,4,17,9,759,564,509,342,16,23,24,45,13,2,2,2,14,898.734,191.404,328.802,378.528,14,853.29,145.642,318.648,389.0
9421,ARS,2,0,CAR,68.1,31.9,6,2,28,8,863,466,624,288,9,13,35,32,12,2,3,3,14,906.7,45.084,438.785,422.831,14,757.671,195.158,211.513,351.0
9422,CRY,1,1,NOR,45.1,54.9,4,5,13,8,527,608,300,388,21,13,24,40,9,4,0,1,14,791.304,146.378,244.008,400.918,14,819.053,145.334,297.0,376.719
9423,FUL,2,1,WHU,67.7,32.3,11,3,30,11,783,448,564,256,15,6,37,32,12,4,4,4,14,794.505,96.251,290.226,408.028,14,744.619,157.572,230.047,357.0
9424,LIV,2,0,HUL,58.2,41.8,6,0,17,10,762,572,553,381,7,18,44,9,3,4,1,2,14,886.405,289.04,207.138,390.227,14,795.312,216.152,219.16,360.0
9426,SOT,0,3,CHE,54.4,45.6,2,5,12,11,714,628,479,403,18,35,28,32,6,8,1,7,14,826.584,182.308,289.634,354.642,14,847.099,137.947,299.152,410.0
9427,STK,1,1,EVE,39.5,60.5,4,4,10,16,540,754,325,508,22,21,22,18,2,5,1,1,14,760.727,76.0,351.319,333.408,14,840.8,156.5,294.2,390.1
9428,SUN,0,1,AVL,64.8,35.2,1,5,17,13,707,479,523,285,17,19,9,28,10,2,4,1,14,792.632,94.944,352.2,345.488,12,809.446,227.0,161.762,420.684
9430,WBA,1,0,NUFC,46.2,53.8,4,3,13,9,612,684,415,479,15,19,28,24,3,4,4,2,14,752.322,68.992,305.606,377.724,14,804.784,139.08,202.324,463.38
9429,SWAN,2,3,MCFC,52.2,47.8,4,4,16,14,711,658,486,453,14,16,36,34,8,6,3,3,13,775.547,239.247,159.3,377.0,14,937.968,138.361,394.607,405.0
9417,CHE,2,1,LIV,52.1,47.9,5,4,11,8,637,620,423,375,19,30,21,41,4,2,1,1,14,818.319,166.0,213.607,438.712,14,930.533,274.308,209.359,446.866
9420,TOT,3,0,STK,67.5,32.5,7,1,20,2,839,488,616,292,17,24,16,37,6,1,0,4,14,827.821,162.0,290.821,375.0,14,837.106,117.7,331.958,387.448
9418,EVE,2,1,SOT,44.1,55.9,4,2,9,12,596,654,353,449,26,18,35,14,2,3,3,3,13,826.356,232.0,170.0,424.356,14,849.704,192.38,272.084,385.24
9419,NUFC,0,1,ARS,47.3,52.7,3,5,11,11,682,772,467,531,23,20,27,55,4,1,1,1,14,838.29,92.46,270.548,475.282,14,868.161,159.824,320.529,387.808
9412,CAR,2,2,SUN,44.1,55.9,7,9,16,21,563,667,367,465,12,13,30,15,6,6,0,2,14,777.419,198.93,218.615,359.874,14,851.012,112.0,380.012,359.0
9411,AVL,1,1,SWAN,27,73,3,3,7,17,444,932,254,730,22,7,32,28,2,8,1,2,14,772.908,146.122,208.438,418.348,14,793.137,312.087,132.188,348.862
9413,HUL,6,0,FUL,52.7,47.3,13,2,21,5,694,675,495,465,19,17,12,43,6,1,0,0,14,805.718,223.552,205.014,377.152,14,788.089,167.386,205.962,414.741
9414,MCFC,1,0,CRY,76.3,23.7,4,4,23,9,996,442,803,236,18,20,17,34,12,5,0,0,14,856.205,96.861,379.77,379.574,14,855.53,116.603,269.768,469.159
9415,NOR,0,1,MUFC,45.1,54.9,4,3,15,7,597,750,396,492,18,14,25,66,8,3,0,2,14,792.816,133.295,288.521,371.0,14,817.379,81.868,300.011,435.5
9416,WHU,3,3,WBA,46.5,53.5,6,7,16,22,544,617,345,409,17,14,30,36,6,5,4,3,14,803.753,217.5,293.15,293.103,14,760.363,67.56,222.859,469.944
9406,MCFC,2,1,LIV,51.9,48.1,6,5,20,12,703,696,505,467,22,13,27,40,7,6,1,3,14,915.225,83.0,425.225,407.0,13,889.96,247.78,246.18,396.0
9401,AVL,0,1,CRY,64.7,35.3,4,7,10,12,697,493,497,263,16,14,20,49,7,5,2,4,14,802.551,215.719,228.504,358.328,14,790.904,71.6,264.904,454.4
9402,CAR,0,3,SOT,39.6,60.4,0,6,9,11,527,740,330,530,13,26,23,37,6,3,2,2,14,819.7,178.5,240.952,400.248,14,800.318,147.771,299.547,353.0
9403,CHE,1,0,SWAN,45.5,54.5,7,1,19,8,633,715,403,485,19,14,24,33,13,7,1,2,14,930.472,214.096,302.376,414.0,14,820.354,255.848,190.506,374.0
9404,EVE,0,1,SUN,54.7,45.3,9,6,25,13,650,570,444,383,11,17,21,26,11,2,2,1,14,861.312,118.5,285.312,457.5,13,780.968,75.934,349.034,356.0
9407,NUFC,5,1,STK,57.8,42.2,8,2,27,11,680,531,477,359,16,15,10,29,8,2,0,0,14,876.728,153.0,250.7,473.028,14,793.296,49.856,332.28,411.16
9408,NOR,1,2,FUL,50.2,49.8,4,7,13,15,594,615,393,400,13,13,31,42,5,4,3,2,13,825.2,170.2,282.0,373.0,14,810.656,87.6,346.256,376.8
9409,TOT,1,1,WBA,64.1,35.9,3,4,20,7,751,498,508,286,18,25,21,41,12,2,4,4,13,872.141,240.6,242.541,389.0,14,780.579,77.757,277.822,425.0
9410,WHU,1,3,ARS,33.7,66.3,5,8,12,29,484,793,271,556,8,16,36,50,0,10,3,2,14,768.274,147.0,310.356,310.918,14,869.016,157.076,312.94,399.0
9405,HUL,2,3,MUFC,38.8,61.2,5,4,17,13,514,759,325,537,23,6,22,54,6,5,0,0,14,748.637,229.608,197.352,321.677,14,804.823,175.906,295.517,333.4
9400,ARS,0,0,CHE,61.4,38.6,2,4,7,13,760,532,544,340,17,17,42,36,8,6,3,2,11,889.0,247.0,243.0,399.0,14,916.204,95.17,397.536,423.498
9399,SWAN,1,2,EVE,54.5,45.5,3,6,13,14,699,611,503,408,18,17,29,32,4,8,3,1,14,828.535,314.172,143.363,371.0,13,855.67,166.975,306.695,382.0
9398,SOT,2,3,TOT,57.2,42.8,5,3,12,13,781,621,517,378,30,26,36,27,2,5,3,3,14,827.95,197.0,348.95,282.0,14,806.888,210.768,203.928,392.192
9391,CRY,0,3,NUFC,33.1,66.9,4,6,9,13,491,813,283,583,26,26,22,24,3,7,4,4,14,740.016,146.712,191.368,401.936,13,847.617,78.33,315.193,454.094
9392,FUL,2,4,MCFC,46.1,53.9,5,10,12,17,670,735,460,540,18,14,29,32,4,4,4,2,14,796.396,66.348,344.198,385.85,14,946.747,136.452,405.295,405.0
9394,MUFC,3,1,WHU,61.8,38.2,8,1,21,4,704,463,519,309,11,12,30,21,8,2,3,2,14,903.511,166.6,242.591,494.32,14,786.089,94.017,254.816,437.256
9395,STK,2,1,AVL,53.5,46.5,2,4,12,14,517,455,288,256,16,22,32,19,6,7,3,3,13,831.7,76.0,382.7,373.0,13,784.704,153.1,259.004,372.6
9396,SUN,0,0,NOR,58.8,41.2,4,5,18,14,685,532,489,325,12,25,14,33,6,7,1,1,14,831.344,78.744,369.7,382.9,12,817.856,147.856,297.0,373.0
9397,WBA,1,1,HUL,60.4,39.6,3,3,14,6,710,511,499,330,16,17,21,17,9,2,1,2,14,849.361,204.059,296.5,348.802,13,800.534,214.986,225.548,360.0
9393,LIV,3,1,CAR,68.9,31.1,7,3,27,10,878,484,638,266,21,28,34,28,9,5,2,1,13,854.542,242.682,235.0,376.86,14,804.57,126.627,295.269,382.674
9390,TOT,0,5,LIV,43.2,56.8,0,10,9,21,589,714,361,497,21,23,31,34,2,9,0,4,14,815.629,107.116,411.905,296.608,13,867.857,249.792,226.065,392.0
9388,AVL,0,3,MUFC,44,56,6,5,17,14,588,730,394,511,21,15,17,38,3,4,2,2,14,797.7,162.052,260.596,375.052,14,833.874,159.171,226.133,448.57
9389,NOR,1,1,SWAN,37.5,62.5,3,2,16,10,563,826,348,608,19,23,15,44,8,5,1,1,13,819.354,147.532,298.822,373.0,14,819.395,313.018,125.377,381.0
9384,HUL,0,0,STK,46.2,53.8,4,2,13,11,655,734,429,507,15,22,32,53,7,5,2,4,14,779.952,209.592,221.549,348.811,14,811.997,151.0,301.31,359.687
9381,CAR,1,0,WBA,48.2,51.8,3,2,11,12,521,549,307,333,13,24,42,32,8,6,5,9,14,801.329,148.785,295.544,357.0,14,780.955,153.43,277.525,350.0
9382,CHE,2,1,CRY,69.7,30.3,7,5,16,10,843,487,606,252,24,33,36,35,3,1,2,2,14,884.41,147.437,326.973,410.0,14,713.29,146.89,208.4,358.0
9383,EVE,4,1,FUL,57.5,42.5,7,3,22,16,730,594,529,393,16,21,18,25,12,2,0,3,13,870.626,211.036,257.649,401.941,14,770.38,73.466,340.914,356.0
9386,NUFC,1,1,SOT,39.8,60.2,5,3,16,8,569,714,319,507,21,22,28,35,11,3,7,6,14,867.494,151.932,313.452,402.11,14,731.909,77.551,261.358,393.0
9387,WHU,0,0,SUN,41.3,58.7,2,6,11,19,522,636,296,419,22,22,34,15,2,9,0,1,14,762.899,75.024,257.747,430.128,14,812.353,74.378,370.153,367.822
9385,MCFC,6,3,ARS,52.4,47.6,7,6,22,12,694,657,479,419,22,22,27,29,8,8,2,4,14,962.019,131.928,428.091,402.0,14,853.114,165.376,319.12,368.618
9380,SWAN,1,1,HUL,65.7,34.3,2,2,11,9,921,591,713,376,17,26,19,50,12,1,2,2,13,817.936,276.736,170.2,371.0,12,794.0,216.0,218.0,360.0
9378,ARS,1,1,EVE,44.1,55.9,5,4,11,12,621,731,403,515,20,14,28,27,3,2,2,1,14,885.292,185.764,306.528,393.0,14,832.735,158.661,292.074,382.0
9379,FUL,2,0,AVL,52.9,47.1,10,2,22,10,661,618,428,375,20,22,43,53,4,7,2,1,13,782.57,72.512,354.058,356.0,14,774.8,219.7,196.7,358.4
9376,SUN,1,2,TOT,47,53,4,5,11,22,618,713,419,488,28,20,13,25,4,10,2,1,14,814.064,150.0,312.712,351.352,14,845.754,68.484,408.27,369.0
9371,CRY,2,0,CAR,43.7,56.3,5,2,19,10,544,609,285,381,22,13,53,58,8,3,2,1,13,742.393,147.0,283.799,311.594,14,760.285,172.789,217.392,370.104
9372,LIV,4,1,WHU,63.9,36.1,9,1,32,8,812,530,540,289,18,28,39,34,8,4,2,1,14,869.086,233.2,237.626,398.26,14,834.314,138.0,328.908,367.406
9374,SOT,1,1,MCFC,54.7,45.3,4,3,15,13,681,599,431,357,20,28,38,32,5,4,6,2,14,826.88,96.752,305.784,424.344,14,918.01,171.0,347.01,400.0
9375,STK,3,2,CHE,42.9,57.1,3,6,9,15,566,725,361,512,21,14,21,30,5,2,2,0,14,913.898,136.0,409.898,368.0,14,924.742,196.52,320.222,408.0
9377,WBA,0,2,NOR,63.8,36.2,12,3,26,8,756,526,524,302,15,11,23,42,10,3,1,0,14,748.3,163.3,266.5,318.5,14,836.436,147.532,304.516,384.388
9373,MUFC,0,1,NUFC,47.1,52.9,4,3,8,9,609,678,374,438,23,29,32,22,4,4,2,2,14,884.532,171.0,227.399,486.133,14,884.468,105.69,303.835,474.943
9363,FUL,1,2,TOT,39.4,60.6,6,5,16,18,578,755,321,533,23,15,36,34,9,7,4,0,14,766.674,135.0,272.034,359.64,14,815.944,79.734,281.21,455.0
9370,WBA,2,3,MCFC,41.9,58.1,1,5,12,15,604,773,408,571,26,22,19,28,3,3,2,1,14,798.957,161.46,287.497,350.0,14,926.263,150.496,375.767,400.0
9362,ARS,2,0,HUL,66.6,33.4,7,2,20,7,1001,566,803,389,11,21,25,17,11,1,1,2,14,886.341,213.516,281.825,391.0,14,801.888,203.46,288.576,309.852
9364,LIV,5,1,NOR,61.8,38.2,12,5,28,14,822,561,603,356,23,18,25,18,4,0,2,0,13,862.454,250.628,219.826,392.0,14,806.697,125.141,294.013,387.543
9365,MUFC,0,1,EVE,52,48,6,4,18,15,707,669,460,437,17,23,29,49,7,4,1,2,14,832.652,165.4,228.664,438.588,14,883.07,174.242,326.828,382.0
9366,SOT,2,3,AVL,78.1,21.9,9,3,21,6,930,397,710,196,16,24,11,35,8,2,3,6,14,838.822,155.0,261.156,422.666,14,802.862,168.36,216.744,417.758
9367,STK,0,0,CAR,59.2,40.8,2,3,17,14,720,556,478,320,15,16,19,47,2,5,6,3,13,797.182,96.85,344.706,355.626,12,780.856,132.632,294.224,354.0
9368,SUN,3,4,CHE,45,55,3,5,12,19,579,713,391,500,17,17,20,36,6,5,0,0,14,775.387,82.436,328.951,364.0,14,943.946,159.744,376.202,408.0
9369,SWAN,3,0,NUFC,65.4,34.6,5,3,13,14,957,600,744,384,17,27,25,22,5,1,1,0,14,905.374,299.858,227.516,378.0,14,837.08,132.08,244.408,460.592
9361,CRY,1,0,WHU,37,63,5,2,10,11,498,705,265,457,21,24,61,43,3,4,2,6,14,767.986,145.824,262.298,359.864,14,819.741,182.121,251.7,385.92
9357,CHE,3,1,SOT,51,49,7,1,16,9,647,616,367,358,34,29,31,47,8,4,7,1,14,834.247,208.094,218.153,408.0,14,818.116,98.456,278.332,441.328
9359,MCFC,3,0,SWAN,45.5,54.5,7,4,22,9,681,762,495,596,14,19,17,17,5,4,3,2,14,924.716,160.264,346.052,418.4,13,821.216,326.877,123.339,371.0
9358,HUL,3,1,LIV,38.5,61.5,4,4,12,9,564,786,355,576,25,14,30,41,2,6,3,0,14,779.053,197.568,290.748,290.737,13,880.408,187.758,302.65,390.0
9360,TOT,2,2,MUFC,40,60,4,3,10,8,525,686,304,463,24,22,20,40,7,7,2,1,14,864.326,65.6,389.326,409.4,14,873.685,155.752,235.933,482.0
9354,NUFC,2,1,WBA,53.1,46.9,6,1,14,14,644,628,447,397,23,18,22,43,3,3,4,0,13,844.757,149.732,232.025,463.0,14,781.382,143.97,287.412,350.0
9351,AVL,0,0,SUN,50.9,49.1,4,1,13,7,627,601,432,419,10,15,16,23,7,6,2,5,14,822.94,223.647,233.293,366.0,14,815.918,76.0,370.156,369.762
9352,CAR,0,3,ARS,43.5,56.5,4,6,10,15,600,761,422,561,11,17,18,38,3,3,2,1,14,811.051,182.127,255.754,373.17,14,878.3,166.0,309.464,402.836
9353,EVE,4,0,STK,54,46,12,3,22,4,716,619,479,409,18,30,25,25,9,3,3,4,14,847.815,147.12,302.045,398.65,13,803.656,101.112,333.544,369.0
9355,NOR,1,0,CRY,60,40,3,3,10,13,724,544,511,336,13,18,33,35,5,4,1,2,14,820.95,213.55,229.3,378.1,14,775.636,152.439,259.538,363.659
9356,WHU,3,0,FUL,48.3,51.7,12,0,23,10,598,627,365,411,23,11,41,43,6,3,3,1,14,785.156,128.1,289.956,367.1,14,791.882,155.246,279.763,356.873
9350,WBA,2,2,AVL,51.4,48.6,4,7,11,15,675,609,439,420,10,20,56,33,4,2,6,5,13,819.978,151.055,317.797,351.126,14,805.404,181.424,257.98,366.0
9348,CAR,2,2,MUFC,49.9,50.1,4,5,14,16,598,619,383,391,20,22,25,46,2,8,0,3,14,766.217,132.709,272.086,361.422,13,867.717,168.244,290.188,409.285
9349,MCFC,6,0,TOT,46.9,53.1,10,5,15,13,661,685,451,503,26,23,32,12,4,7,1,5,14,883.354,150.496,359.951,372.907,14,861.998,200.356,260.642,401.0
9347,WHU,0,3,CHE,44.9,55.1,1,8,8,20,617,695,388,490,18,21,41,39,8,4,3,2,14,745.528,73.128,208.544,463.856,14,898.034,155.684,334.35,408.0
9341,ARS,2,0,SOT,49.3,50.7,4,4,9,10,724,699,478,492,21,34,35,26,5,6,11,7,14,878.212,165.4,303.212,409.6,13,816.0,123.4,331.0,361.6
9343,FUL,1,2,SWAN,36.7,63.3,3,5,9,21,575,853,365,643,15,19,39,21,8,8,2,0,14,815.912,147.0,194.272,474.64,14,816.792,234.38,195.332,387.08
9344,HUL,0,1,CRY,62.3,37.7,2,2,15,9,717,566,506,315,18,13,17,69,11,4,2,2,14,833.78,279.132,255.0,299.648,14,734.848,100.088,278.76,356.0
9345,NUFC,2,1,NOR,48.8,51.2,5,2,21,10,677,657,457,476,18,19,38,25,6,5,2,1,14,840.896,151.068,248.64,441.188,14,873.41,142.488,360.922,370.0
9346,STK,2,0,SUN,49.9,50.1,5,3,17,11,626,644,455,459,15,6,19,24,3,7,2,2,13,811.142,76.0,360.733,374.409,14,757.029,75.888,331.664,349.477
9342,EVE,3,3,LIV,50.7,49.3,12,5,18,11,639,613,384,378,24,29,31,39,6,7,1,4,14,831.432,158.672,311.65,361.11,13,870.728,180.126,298.602,392.0
9337,MUFC,1,0,ARS,40.5,59.5,2,2,5,10,606,783,354,539,29,29,49,37,5,6,2,2,14,854.007,171.016,239.851,443.14,14,920.244,190.15,331.094,399.0
9339,SWAN,3,3,STK,65.1,34.9,6,3,17,6,767,493,538,292,18,28,8,35,14,3,3,0,14,871.092,240.75,253.342,377.0,14,843.2,136.0,299.8,407.4
9338,SUN,1,0,MCFC,36.9,63.1,2,4,5,24,567,836,378,635,18,11,37,11,0,14,0,2,14,810.595,75.712,373.883,361.0,14,867.857,171.0,307.013,389.844
9340,TOT,0,1,NUFC,65.3,34.7,14,4,31,8,733,509,472,256,20,29,31,47,11,4,2,8,14,874.258,82.0,370.258,422.0,14,831.759,126.022,246.737,459.0
9335,NOR,3,1,WHU,46.9,53.1,6,4,15,12,594,654,405,457,20,16,34,33,4,2,0,6,13,771.134,145.525,255.609,370.0,14,820.691,162.816,236.047,421.828
9331,AVL,2,0,CAR,43.1,56.9,6,2,17,8,543,695,341,461,22,15,24,37,5,3,5,7,13,789.17,154.714,266.828,367.628,14,812.37,81.301,374.069,357.0
9332,CHE,2,2,WBA,67.8,32.2,7,3,17,11,844,518,630,294,22,22,18,48,9,4,3,0,14,898.567,181.687,323.811,393.069,14,814.067,143.934,312.081,358.052
9333,CRY,0,0,EVE,27.2,72.8,2,2,9,15,423,837,222,622,21,15,29,24,4,7,4,1,14,788.824,74.1,358.724,356.0,13,868.488,137.834,334.654,396.0
9334,LIV,4,0,FUL,67.3,32.7,10,1,32,4,934,567,722,334,25,20,18,27,9,3,4,2,14,868.012,240.052,243.464,384.496,14,740.244,135.0,266.46,338.784
9336,SOT,4,1,HUL,60.5,39.5,7,2,15,10,770,539,561,356,12,22,38,15,6,5,3,6,14,828.995,137.851,301.6,389.544,14,764.857,135.216,278.641,351.0
9329,CAR,1,0,SWAN,45.3,54.7,3,3,9,10,615,706,429,520,18,15,26,19,6,3,3,5,14,780.308,66.481,356.827,357.0,14,854.429,269.754,200.675,384.0
9330,EVE,0,0,TOT,52.2,47.8,1,6,8,16,634,597,408,374,18,17,27,30,7,4,2,0,14,829.676,83.212,346.9,399.564,14,835.023,156.568,280.455,398.0
9321,ARS,2,0,LIV,54.4,45.6,7,4,12,12,837,746,614,510,34,27,17,28,3,5,1,4,14,907.998,230.8,240.372,436.826,13,903.92,212.5,278.5,412.92
9322,FUL,1,3,MUFC,47,53,6,4,15,10,675,743,451,517,25,25,24,40,4,4,2,1,14,789.19,148.172,221.588,419.43,14,890.5,176.0,271.5,443.0
9323,HUL,1,0,SUN,70,30,2,1,25,9,770,435,574,245,11,18,9,42,4,2,3,0,14,808.366,170.424,277.227,360.715,14,801.372,113.0,290.5,397.872
9324,MCFC,7,0,NOR,68.3,31.7,9,1,27,7,953,522,769,352,12,14,16,17,10,3,1,0,14,950.333,171.0,386.333,393.0,13,810.0,74.0,325.5,410.5
9326,STK,1,1,SOT,39.2,60.8,3,2,9,10,548,747,325,508,23,14,23,28,5,5,0,2,13,800.682,130.15,291.532,379.0,12,834.932,173.174,283.758,378.0
9327,WBA,2,0,CRY,49.8,50.2,4,4,9,12,628,660,415,437,17,23,24,37,10,3,2,0,14,779.097,175.072,299.945,304.08,14,762.572,94.46,312.112,356.0
9328,WHU,0,0,AVL,59.4,40.6,4,2,17,8,761,561,536,375,6,24,30,45,5,1,0,1,14,834.164,171.6,248.764,413.8,12,808.367,154.367,214.0,440.0
9325,NUFC,2,0,CHE,39.1,60.9,8,2,15,13,563,741,344,535,10,18,48,32,3,8,3,4,14,846.137,151.866,235.271,459.0,14,921.876,225.943,281.933,414.0
9317,CHE,2,1,MCFC,45.5,54.5,4,6,12,15,623,670,396,480,26,22,31,20,3,6,4,2,14,874.732,171.494,291.238,412.0,14,883.731,87.835,393.322,402.574
9319,SWAN,0,0,WHU,67,33,5,4,10,15,797,481,578,275,17,12,32,33,9,6,2,2,13,834.079,250.229,199.85,384.0,14,762.201,159.576,250.068,352.557
9320,TOT,1,0,HUL,66.2,33.8,6,4,15,10,768,462,542,268,19,27,28,23,6,4,1,1,14,858.585,134.026,307.578,416.981,14,769.377,141.624,209.82,417.933
9318,SUN,2,1,NUFC,48.3,51.7,4,4,8,16,542,591,341,375,16,8,42,34,5,3,4,2,14,808.549,150.0,291.043,367.506,14,821.992,94.652,280.34,447.0
9316,SOT,2,0,FUL,66.2,33.8,6,0,20,1,840,532,634,312,28,16,21,30,10,3,4,3,13,843.044,155.0,310.044,378.0,14,769.712,208.833,163.024,397.855
9311,AVL,0,2,EVE,46.9,53.1,3,4,14,15,596,675,383,447,15,26,17,39,8,6,2,3,13,778.156,236.648,202.496,339.012,14,912.07,181.642,334.428,396.0
9313,LIV,4,1,WBA,54.8,45.2,7,3,18,15,737,608,514,416,21,18,26,18,3,9,1,0,14,861.564,171.813,238.195,451.556,14,769.538,166.475,208.577,394.486
9314,MUFC,3,2,STK,66.7,33.3,5,5,19,10,800,475,565,282,11,18,22,39,12,2,2,0,14,888.48,196.008,307.328,385.144,14,857.081,144.325,301.38,411.376
9315,NOR,0,0,CAR,60.5,39.5,10,4,31,6,746,565,518,338,9,17,16,56,13,2,2,3,14,833.591,89.0,369.591,375.0,14,746.2,178.5,210.7,357.0
9312,CRY,0,2,ARS,37.5,62.5,4,4,13,10,601,880,386,665,25,26,24,21,4,3,2,2,14,762.068,92.856,313.212,356.0,14,1011.939,166.0,374.703,471.236
9310,CRY,1,4,FUL,45.9,54.1,4,6,14,9,581,664,374,453,22,27,11,31,5,7,2,1,14,753.006,71.165,274.327,407.514,14,775.812,208.856,161.656,405.3
9309,AVL,0,2,TOT,37.1,62.9,2,6,15,13,537,746,310,531,17,18,29,22,4,7,2,1,14,825.696,213.348,248.348,364.0,14,837.526,142.552,295.093,399.881
9308,WHU,1,3,MCFC,37.9,62.1,2,9,11,16,544,804,344,604,18,22,19,37,5,5,1,1,14,777.576,144.15,280.746,352.68,14,925.402,163.168,424.408,337.826
9301,ARS,4,1,NOR,56.3,43.7,11,6,20,12,828,695,637,503,21,13,12,28,10,1,1,2,14,838.72,176.241,260.479,402.0,13,829.5,91.65,362.85,375.0
9302,CHE,4,1,CAR,64.9,35.1,7,3,20,13,753,476,554,280,15,14,33,31,6,9,3,1,14,892.665,158.644,332.0,402.021,14,780.752,122.456,301.296,357.0
9303,EVE,2,1,HUL,66.9,33.1,6,1,14,9,848,496,633,304,19,24,28,25,5,7,1,1,14,866.813,166.021,304.792,396.0,14,876.265,202.362,334.792,339.111
9304,MUFC,1,1,SOT,46.4,53.6,5,7,12,18,656,664,393,454,18,27,48,23,4,4,8,2,14,861.77,175.703,283.414,402.653,14,862.548,107.728,302.82,452.0
9306,STK,0,0,WBA,49.7,50.3,3,5,9,12,607,639,401,399,20,14,25,30,6,6,2,2,14,785.561,75.803,328.977,380.781,14,774.216,195.664,218.866,359.686
9307,SWAN,4,0,SUN,63.9,36.1,6,1,14,6,792,511,628,347,10,20,12,16,7,2,2,5,14,823.535,247.187,216.5,359.848,14,824.878,93.064,370.814,361.0
9305,NUFC,2,2,LIV,37.7,62.3,4,7,14,23,536,777,327,555,21,17,38,31,3,13,0,2,14,814.815,80.0,277.012,457.803,13,864.394,183.778,236.0,444.616
9299,TOT,0,3,WHU,60.8,39.2,4,5,14,16,709,530,502,321,19,27,16,25,6,7,3,3,14,830.368,42.72,343.848,443.8,14,804.497,150.0,286.161,368.336
9300,WBA,1,1,ARS,44.1,55.9,4,5,12,14,622,728,410,539,15,22,23,29,6,2,4,2,14,809.146,151.234,263.426,394.486,13,858.104,170.312,294.792,393.0
9297,NOR,1,3,CHE,44.8,55.2,3,8,14,22,581,691,405,506,14,16,23,22,4,6,1,2,13,825.864,72.567,378.297,375.0,14,916.136,242.678,273.319,400.139
9298,SOT,2,0,SWAN,42.6,57.4,4,7,12,17,572,713,367,497,23,14,23,18,7,4,5,1,14,843.503,136.456,355.391,351.656,12,838.976,253.176,206.8,379.0
9296,SUN,1,2,MUFC,37.5,62.5,2,6,6,13,545,831,338,571,22,20,27,52,4,4,1,3,14,809.605,94.808,425.797,289.0,14,897.132,187.232,298.344,411.556
9291,CAR,1,2,NUFC,57.3,42.7,2,10,8,20,707,589,477,360,20,19,22,39,3,3,1,1,14,781.979,124.855,300.124,357.0,13,857.98,139.12,259.072,459.788
9292,FUL,1,0,STK,44.2,55.8,2,3,9,16,624,707,394,500,18,16,35,14,7,5,6,5,14,763.308,154.758,214.647,393.903,14,778.327,80.092,272.659,425.576
9293,HUL,0,0,AVL,45.7,54.3,1,4,6,18,559,677,367,461,14,20,28,48,7,7,1,2,14,802.812,211.201,234.611,357.0,13,802.202,217.996,218.206,366.0
9294,LIV,3,1,CRY,61,39,7,2,13,11,847,612,614,394,20,29,33,32,11,3,5,1,14,851.451,252.43,215.975,383.046,14,797.7,154.7,249.0,394.0
9295,MCFC,3,1,EVE,53.9,46.1,6,4,12,6,671,630,491,417,20,22,14,31,8,1,3,4,14,850.406,160.264,345.248,344.894,14,828.25,238.497,193.753,396.0
9290,EVE,3,2,NUFC,49.9,50.1,8,6,19,15,718,706,512,508,20,21,25,18,1,1,3,4,14,854.837,158.628,298.691,397.518,14,809.217,97.708,324.025,387.484
9289,SUN,1,3,LIV,46.3,53.7,5,6,23,15,571,664,348,419,23,19,26,54,10,8,4,1,13,821.004,74.0,514.078,232.926,12,890.668,185.193,303.475,402.0
9288,STK,0,1,NOR,55.8,44.2,1,3,8,8,687,604,463,366,22,35,29,31,7,3,4,2,14,780.084,93.826,236.258,450.0,13,819.538,72.156,366.306,381.076
9286,SWAN,1,2,ARS,58.5,41.5,3,4,10,10,812,622,624,437,16,18,7,16,4,3,3,4,13,832.441,255.116,204.325,373.0,14,874.77,164.086,305.45,405.234
9281,AVL,3,2,MCFC,33.3,66.7,4,7,8,21,451,757,273,554,18,14,29,19,2,13,0,5,12,798.668,145.668,216.0,437.0,13,895.346,166.0,324.346,405.0
9282,FUL,1,2,CAR,48.6,51.4,5,5,9,22,603,645,388,430,10,16,32,35,11,10,1,0,14,705.788,143.744,120.184,441.86,14,760.562,115.462,288.1,357.0
9283,HUL,1,0,WHU,41.1,58.9,4,6,11,18,520,668,312,450,18,16,44,29,6,6,2,0,14,814.712,214.219,243.493,357.0,14,816.753,191.328,242.785,382.64
9284,MUFC,1,2,WBA,59.1,40.9,6,4,14,12,756,568,527,368,21,13,32,35,5,8,4,1,14,870.6,171.492,256.968,442.14,14,742.118,148.89,240.368,352.86
9285,SOT,2,0,CRY,60.8,39.2,4,0,12,8,765,550,537,338,15,22,35,27,8,2,1,2,14,834.78,151.812,230.968,452.0,14,776.74,189.506,211.586,375.648
9287,TOT,1,1,CHE,53.5,46.5,3,5,12,11,616,548,409,343,14,21,28,24,4,5,2,10,14,834.872,81.424,351.24,402.208,14,860.632,166.234,274.236,420.162
9278,CAR,0,1,TOT,36.3,63.7,0,12,6,29,510,720,288,513,23,15,51,16,2,12,6,1,13,797.772,122.984,317.788,357.0,14,855.662,104.6,357.062,394.0
9280,MCFC,4,1,MUFC,41.6,58.4,5,3,18,14,524,697,334,478,22,14,28,38,8,4,1,4,14,916.168,167.128,344.04,405.0,12,885.835,165.0,317.835,403.0
9277,ARS,3,1,STK,50.4,49.6,9,3,17,10,706,663,526,507,23,20,14,9,6,7,1,1,14,867.368,156.343,300.589,410.436,14,791.838,73.334,286.936,431.568
9279,CRY,0,2,SWAN,43.4,56.6,1,7,9,15,617,787,413,550,20,16,20,49,6,8,1,4,14,767.188,146.488,285.256,335.444,14,857.767,249.472,224.295,384.0
9271,CHE,2,0,FUL,64.4,35.6,9,1,24,4,793,552,604,332,27,16,15,35,13,3,1,1,14,939.299,166.0,337.312,435.987,14,790.11,147.0,265.47,377.64
9272,LIV,0,1,SOT,55.2,44.8,5,7,10,12,707,598,465,373,20,38,27,29,6,6,3,5,14,910.073,196.5,316.0,397.573,14,861.111,122.384,286.727,452.0
9273,NUFC,2,3,HUL,61.3,38.7,2,5,15,12,755,569,552,340,17,28,23,37,3,3,0,5,14,850.938,155.433,257.728,437.777,14,767.577,215.0,267.577,285.0
9275,WBA,3,0,SUN,54.1,45.9,4,0,13,7,702,572,479,400,14,23,41,23,5,6,4,0,14,801.424,108.54,298.398,394.486,14,802.638,101.456,413.182,288.0
9276,WHU,2,3,EVE,37.7,62.3,2,4,10,10,510,748,319,526,26,17,29,41,5,5,0,2,14,816.675,185.775,249.9,381.0,14,868.428,154.5,243.428,470.5
9274,NOR,0,1,AVL,64.2,35.8,2,4,13,16,683,493,464,264,14,25,10,45,7,4,2,2,14,794.25,145.6,297.0,351.65,14,785.479,193.087,226.392,366.0
9270,SWAN,2,2,LIV,58.9,41.1,9,5,18,12,836,637,628,432,18,16,35,43,3,7,1,2,13,823.622,252.622,187.0,384.0,14,897.969,192.786,351.452,353.731
9269,SOT,0,0,WHU,58.7,41.3,5,1,15,6,666,517,413,282,26,19,44,31,10,5,0,2,13,836.944,139.2,242.6,455.144,14,798.592,140.928,257.428,400.236
9262,EVE,1,0,CHE,43.5,56.5,5,6,11,22,603,699,373,491,23,19,35,11,5,7,2,0,14,902.822,171.467,257.559,473.796,14,920.654,197.993,328.0,394.661
9261,AVL,1,2,NUFC,54.7,45.3,1,8,10,17,665,613,469,392,24,14,20,32,4,2,1,3,14,756.445,227.022,202.508,326.915,14,849.204,132.0,254.81,462.394
9263,FUL,1,1,WBA,56.6,43.4,2,4,12,12,715,584,522,387,14,15,29,38,4,5,3,4,14,790.664,145.512,233.656,411.496,14,756.72,71.335,277.385,408.0
9264,HUL,1,1,CAR,46,54,5,2,18,10,627,705,428,505,13,10,34,39,6,2,2,1,12,801.976,287.0,221.976,293.0,14,773.694,141.694,284.0,348.0
9266,STK,0,0,MCFC,42.1,57.9,3,3,11,10,567,722,356,509,23,21,15,35,2,4,1,0,14,799.32,84.232,265.088,450.0,13,881.543,157.732,404.811,319.0
9267,SUN,1,3,ARS,30.6,69.4,3,6,18,14,474,855,273,656,25,16,22,18,6,6,4,0,14,758.889,149.424,296.465,313.0,14,872.795,156.981,323.109,392.705
9268,TOT,2,0,NOR,69,31,7,1,23,5,894,472,653,289,15,29,23,26,8,1,1,4,14,844.586,94.324,355.262,395.0,14,806.253,132.006,302.247,372.0
9265,MUFC,2,0,CRY,60.4,39.6,8,0,20,4,783,570,556,377,13,24,22,33,10,1,5,0,14,867.373,175.146,320.442,371.785,14,783.144,148.659,233.941,400.544
9258,ARS,1,0,TOT,43.4,56.6,5,5,12,14,606,725,394,509,29,14,34,19,3,6,1,0,14,831.899,150.118,287.065,394.716,14,864.566,100.64,355.645,408.281
9259,LIV,1,0,MUFC,43,57,5,4,11,10,589,715,379,478,31,17,33,32,2,7,1,0,14,909.822,259.548,259.648,390.626,14,861.984,191.6,258.2,412.184
9260,WBA,0,2,SWAN,42,58,1,4,10,12,641,837,457,637,14,18,29,29,2,5,3,3,14,754.182,86.189,250.641,417.352,13,849.071,328.896,136.175,384.0
9253,CRY,3,1,SUN,50,50,7,2,18,10,658,628,419,407,28,24,51,33,6,6,2,1,14,763.612,138.604,219.226,405.782,13,795.384,110.0,343.384,342.0
9252,CAR,0,0,EVE,37,63,1,3,4,13,501,724,302,514,23,15,38,26,4,5,4,4,14,791.949,153.395,287.554,351.0,13,885.004,114.332,313.436,457.236
9255,NUFC,1,0,FUL,53.8,46.2,9,2,24,3,681,615,466,417,20,13,22,38,13,2,0,3,14,848.802,208.786,228.722,411.294,14,788.549,73.911,228.939,485.699
9256,NOR,1,0,SOT,42.2,57.8,4,2,14,11,568,687,341,480,30,19,29,16,5,4,1,6,12,814.0,133.612,308.388,372.0,14,825.389,146.031,316.2,363.158
9257,WHU,0,1,STK,44.9,55.1,0,5,9,15,517,581,321,405,12,17,29,27,3,4,1,1,14,830.494,154.473,272.116,403.905,13,809.844,73.0,286.844,450.0
9254,MCFC,2,0,HUL,58.2,41.8,6,2,12,7,725,568,529,376,18,19,27,23,7,4,1,1,14,952.043,157.272,396.771,398.0,13,805.406,259.214,253.192,293.0
9251,MUFC,0,0,CHE,55.2,44.8,3,4,12,8,756,635,550,448,22,15,35,26,4,1,3,1,13,901.447,243.626,234.466,423.355,14,885.641,86.706,328.967,469.968
9249,CAR,3,2,MCFC,30,70,6,5,9,16,450,804,264,637,16,12,36,17,3,8,4,2,14,779.628,143.781,284.121,351.726,14,905.117,171.0,411.117,323.0
9250,TOT,1,0,SWAN,47.6,52.4,7,5,21,7,672,719,454,511,22,14,30,43,8,3,0,3,14,846.72,73.8,372.22,400.7,13,835.374,325.174,126.2,384.0
9242,AVL,0,1,LIV,47.4,52.6,3,1,17,5,704,756,481,546,31,23,18,35,8,2,2,2,14,812.138,225.866,166.844,419.428,13,891.157,215.974,258.941,416.242
9243,EVE,0,0,WBA,62.3,37.7,8,2,22,7,720,500,478,298,20,23,36,45,11,1,5,1,13,869.891,107.4,301.691,460.8,14,776.49,74.8,308.4,393.29
9245,HUL,1,0,NOR,38.7,61.3,2,4,7,13,567,765,360,582,19,13,28,14,1,5,1,0,14,817.384,282.376,228.608,306.4,14,802.847,113.144,319.703,370.0
9246,NUFC,0,0,WHU,55.2,44.8,0,1,16,6,637,522,417,323,17,24,25,33,5,4,1,3,13,832.709,184.309,257.4,391.0,13,808.75,138.0,288.231,382.519
9247,SOT,1,1,SUN,66.6,33.4,6,3,17,8,760,454,540,260,12,21,38,34,5,2,1,1,14,847.593,175.593,262.0,410.0,14,834.058,110.0,409.058,315.0
9248,STK,2,1,CRY,49.6,50.4,4,5,14,14,640,669,409,437,20,31,23,37,7,0,1,0,14,789.648,75.824,263.824,450.0,14,792.468,143.8,202.768,445.9
9244,FUL,1,3,ARS,46.2,53.8,7,9,16,19,664,737,479,556,18,10,25,19,1,8,3,0,14,777.455,85.358,263.097,429.0,14,878.718,139.818,332.7,406.2
9241,CHE,2,1,AVL,69.2,30.8,3,3,15,7,856,459,677,286,16,13,29,26,1,2,5,5,14,925.554,221.186,292.368,412.0,13,788.679,227.0,219.288,342.391
9240,MCFC,4,0,NUFC,63.5,36.5,11,1,20,6,855,572,665,377,29,14,17,21,8,1,3,2,14,939.335,169.445,379.036,390.854,14,806.281,76.0,322.489,407.792
9238,CHE,2,0,HUL,51.4,48.6,6,2,23,7,738,710,551,502,14,16,27,18,5,1,1,2,14,909.766,160.962,275.052,473.752,14,809.858,325.57,191.288,293.0
9239,CRY,0,1,TOT,41.8,58.2,3,3,5,18,551,744,362,510,21,24,27,37,3,7,4,0,14,772.199,188.247,142.0,441.952,14,838.128,75.604,360.128,402.396
9235,SWAN,1,4,MUFC,53.7,46.3,6,8,17,14,738,662,534,471,14,9,27,42,7,4,2,5,14,786.32,176.752,225.568,384.0,13,855.557,166.912,235.0,453.645
9231,ARS,1,3,AVL,63.8,36.2,4,5,15,10,729,481,522,297,10,21,16,31,4,3,3,1,14,909.116,160.0,364.5,384.616,13,762.871,225.394,220.0,317.477
9233,NOR,2,2,EVE,33,67,2,7,8,20,459,786,258,564,22,20,27,27,6,8,1,3,13,817.774,132.825,300.963,383.986,14,867.318,99.4,299.018,468.9
9234,SUN,0,1,FUL,57.8,42.2,3,1,21,5,644,533,460,326,24,13,13,31,6,1,3,0,13,818.852,88.4,369.4,361.052,14,770.78,73.0,295.722,402.058
9236,WBA,0,1,SOT,46.7,53.3,1,3,11,8,568,620,363,400,16,11,38,39,4,8,1,2,13,789.688,74.844,301.0,413.844,14,831.944,147.836,311.108,373.0
9237,WHU,2,0,CAR,43.6,56.4,4,1,18,12,488,561,294,385,11,11,40,29,4,3,5,0,14,778.865,138.0,278.865,362.0,14,758.264,133.288,276.976,348.0
9232,LIV,1,0,STK,55.3,44.7,11,6,25,12,765,669,520,416,34,34,18,31,12,6,2,1,12,880.6,240.6,241.0,399.0,14,783.0,75.7,257.3,450.0
